{
  "box": {
    "height": 373.1875,
    "width": 327.71875,
    "x": 311.40625,
    "y": 197.328125
  }
}