{
  "box": {
    "height": 300.890625,
    "width": 243.296875,
    "x": 311.40625,
    "y": 233.828125
  }
}