{
  "box": {
    "height": 46,
    "width": 583.921875,
    "x": 725.671875,
    "y": 360.71875
  }
}