{
  "box": {
    "height": 384.8125,
    "width": 316.390625,
    "x": 328.40625,
    "y": 191.71875
  }
}