{
  "box": {
    "height": 243.84375,
    "width": 327.71875,
    "x": 311.40625,
    "y": 262.453125
  }
}