{
  "box": {
    "height": 414.8125,
    "width": 316.390625,
    "x": 328.40625,
    "y": 176.5
  }
}