{
  "box": {
    "height": 390.609375,
    "width": 326.09375,
    "x": 311.40625,
    "y": 188.65625
  }
}