{
  "box": {
    "height": 96,
    "width": 965.1875,
    "x": 336.40625,
    "y": 335.96875
  }
}