{
  "box": {
    "height": 388.1875,
    "width": 316.390625,
    "x": 328.40625,
    "y": 306.71875
  }
}