{
  "box": {
    "height": 96,
    "width": 981.1875,
    "x": 328.40625,
    "y": 335.71875
  }
}